t,cvfm,mean_hbc,on_target
0.016,0.707267023983966,-0.11380901239553086,0.0
0.095,0.7072153442629276,-0.11237848945608357,0.0
0.111,0.7072111380441376,-0.11569032337880814,0.0
0.127,0.7132373777269734,-0.10648286590777616,0.0
0.14300000000000002,0.7132372847105565,-0.10975341349834279,0.0
0.15900000000000003,0.7132372970265162,-0.11299891982850749,0.0
0.17500000000000004,0.7132372868208596,-0.11622294028392448,0.0
0.19100000000000006,0.7132372661026454,-0.11942973492640255,0.0
0.20700000000000007,0.7132372854465372,-0.1226232502306143,0.0
0.2230000000000001,0.7132372954749925,-0.1258071540075906,0.0
0.2390000000000001,0.7132372942593826,-0.12898479558354217,0.0
0.2550000000000001,0.7132372678649322,-0.13215917189561618,0.0
0.27100000000000013,0.7132364546772392,-0.13533301379522297,0.0
0.28700000000000014,0.7132315735014821,-0.13850268091858753,0.0
0.30300000000000016,0.7132316691907161,-0.14168034255685089,0.0
0.3190000000000002,0.7178537506275292,-0.1485363910089493,0.0
0.3350000000000002,0.7178507066866595,-0.15169218531023876,0.0
0.3510000000000002,0.7178397883051965,-0.1548452630168874,0.0
0.3670000000000002,0.7203102546511992,-0.1581091109914991,0.0
0.38300000000000023,0.7203129410208735,-0.161282754200261,0.0
0.40000000000000024,0.7203129631091717,-0.1644199439140705,0.0
0.41600000000000026,0.7203129644002106,-0.16761325774752836,0.0
0.4320000000000003,0.7203129628833517,-0.17081675163390453,0.0
0.4480000000000003,0.7203129588508094,-0.17403191167165705,0.0
0.4640000000000003,0.7203129480514788,-0.17726097134462385,0.0
0.4810000000000003,0.720312901478033,-0.18046174180375288,0.0
0.49700000000000033,0.7203112901804729,-0.18372983741765891,0.0
0.5130000000000003,0.720195487195101,-0.187093590369365,0.0
0.5300000000000004,0.7201983581103192,-0.19038103481779178,0.0
0.5460000000000004,0.7201935406380799,-0.19376298054164387,0.0
0.5630000000000004,0.7201755166492438,-0.19715527674266378,0.0
0.5790000000000004,0.7199922589699864,-0.1908188024222649,0.0
0.5950000000000004,0.720104941567238,-0.19125166231087973,0.0
0.6120000000000004,0.7201125263180668,-0.19482239042779714,0.0
0.6280000000000004,0.7201114185869899,-0.19869683093004437,0.0
0.6440000000000005,0.7199505600636754,-0.2027475660275316,0.0
0.6600000000000005,0.7200317473088658,-0.1886492463971331,0.0
0.6760000000000005,0.7200323772671621,-0.19314269628064754,0.0
0.6920000000000005,0.7200324310433609,-0.19783692930798163,0.0
0.7080000000000005,0.7200328596099227,-0.20270151199619055,0.0
0.7240000000000005,0.7200331367279148,-0.20768163949709137,0.0
0.7400000000000005,0.7200321180360932,-0.21270805781362678,0.0
0.7560000000000006,0.7200431848046375,-0.21770757725336143,0.0
0.7720000000000006,0.7200435132077992,-0.2226346465333032,0.0
0.7880000000000006,0.7200370381774174,-0.22744684683602923,0.0
0.8040000000000006,0.7170096564175766,-0.23054134788710212,0.0
0.8200000000000006,0.7170213797686287,-0.23510527112281068,0.0
0.8360000000000006,0.7170214455661872,-0.23953979018326646,0.0
0.8520000000000006,0.717019321599101,-0.24387617612787565,0.0
0.8680000000000007,0.7168502655508497,-0.24808330221156766,0.0
0.8840000000000007,0.7168463991817329,-0.2522757614366936,0.0
0.9000000000000007,0.7148722260478493,-0.256042252729165,0.0
0.9160000000000007,0.7180946142420573,-0.24404772311143852,0.0
0.9320000000000007,0.7180952618661973,-0.24812843948721014,0.0
0.9480000000000007,0.7180954079067735,-0.2521982691523272,0.0
0.9630000000000007,0.7180954585009872,-0.2562676181590744,0.0
0.9790000000000008,0.7180952847948965,-0.2603385513657149,0.0
0.9950000000000008,0.7180930925049328,-0.26441721486247716,0.0
1.0110000000000008,0.7180066220596955,-0.26848539510520364,0.0
1.0270000000000008,0.7151720725574587,-0.240628042175911,0.0
1.0440000000000007,0.7168322798938261,-0.2410222274032676,0.0
1.0610000000000006,0.7169179709315406,-0.24505227218179265,0.0
1.0770000000000006,0.7169282420400429,-0.2491538290758369,0.0
1.0930000000000006,0.7169301453293794,-0.25327003115251545,0.0
1.1090000000000007,0.716928775747338,-0.2573910797841188,0.0
1.1250000000000007,0.7168795292045684,-0.2615045709204874,0.0
1.1420000000000006,0.7156519433890225,-0.24888962426122516,0.0
1.1580000000000006,0.717399587404295,-0.23362515552148877,0.0
1.1740000000000006,0.7173994215576461,-0.23770754260664873,0.0
1.1900000000000006,0.7173961499114009,-0.24176078212830085,0.0
1.2060000000000006,0.7168433810389078,-0.2457110013136677,0.0
1.2220000000000006,0.7181650101707645,-0.2310482959580553,0.0
1.2380000000000007,0.7181650300365889,-0.23502083517562858,0.0
1.2540000000000007,0.7181650319310184,-0.23894978508874243,0.0
1.2700000000000007,0.7181650285520823,-0.24283392671411366,0.0
1.2870000000000006,0.7181650236957564,-0.24667079600164388,0.0
1.3030000000000006,0.7181650190390523,-0.25046517259022455,0.0
1.3190000000000006,0.718165010394704,-0.2542165150588027,0.0
1.3350000000000006,0.7181649887679068,-0.25792669420332504,0.0
1.3510000000000006,0.718164924608567,-0.2615979576239007,0.0
1.3670000000000007,0.7181646779228541,-0.2652328583403688,0.0
1.3840000000000006,0.7181629353267953,-0.26883171155655,0.0
1.4010000000000005,0.7180559733767227,-0.2724012624961909,0.0
1.4170000000000005,0.7187566293944987,-0.2624309898102077,0.0
1.4330000000000005,0.7198145172014594,-0.24481697746774686,0.0
1.4490000000000005,0.7210302063528055,-0.21717701263371977,0.0
1.4660000000000004,0.7210339041022878,-0.22048831088918633,0.0
1.4820000000000004,0.7155082914974276,-0.2112112974827815,0.0
1.4980000000000004,0.7138595991609025,-0.21345174386866808,0.0
1.5140000000000005,0.7158085056771075,-0.2003672110477636,0.0
1.5300000000000005,0.7193868416628336,-0.18910331290221435,0.0
1.5460000000000005,0.7181422449966843,-0.19244211159873237,0.0
1.5630000000000004,0.7217551178970412,-0.15834105289777994,0.0
1.5790000000000004,0.7217554382072209,-0.16172993019075663,0.0
1.5950000000000004,0.7217555702731379,-0.16511617470528317,0.0
1.6110000000000004,0.7217556174983009,-0.16850101884484286,0.0
1.6270000000000004,0.7217556244476158,-0.17188554490622757,0.0
1.6430000000000005,0.7217555886263242,-0.1752707560172337,0.0
1.6590000000000005,0.7217554639145846,-0.1786574743883241,0.0
1.6750000000000005,0.7217553909186355,-0.1820468622273408,0.0
1.6910000000000005,0.7217552449788062,-0.18544026340263542,0.0
1.7080000000000004,0.7217522690285694,-0.1888479023567819,0.0
1.7240000000000004,0.7207212059478685,-0.1921790574386307,0.0
1.7400000000000004,0.7222829708220564,-0.1814912038400566,0.0
1.7560000000000004,0.7214634074519487,-0.16973078541611866,0.0
1.7720000000000005,0.7219710994844274,-0.1619822906048209,0.0
1.7880000000000005,0.7219709002707253,-0.16540551716084656,0.0
1.8040000000000005,0.7219702048744525,-0.16884480237025445,0.0
1.8200000000000005,0.7219668089552288,-0.17230000987520167,0.0
1.8370000000000004,0.721940098938081,-0.17574955318525745,0.0
1.8540000000000003,0.7213943266877186,-0.17780717072518315,0.0
1.8700000000000003,0.7217184181011306,-0.17557194022076708,0.0
1.8860000000000003,0.7216800179572169,-0.17910428226661967,0.0
1.9030000000000002,0.7243107258046502,-0.16626999403180737,0.0
1.9190000000000003,0.7243080600032579,-0.1699798630284701,0.0
1.9350000000000003,0.7233216118213884,-0.17384451565374598,0.0
1.9510000000000003,0.723321602735925,-0.17783744367630072,0.0
1.9670000000000003,0.7233214788130926,-0.1820069437310276,0.0
1.9830000000000003,0.7233210715672679,-0.1863562473033713,0.0
1.9990000000000003,0.7233194687620551,-0.1908619536009982,0.0
2.015,0.7233097464316226,-0.1954706817919808,0.0
2.031,0.7230917711355352,-0.20007641795184924,0.0
2.048,0.721512745447832,-0.18665498265006517,0.0
2.064,0.723456726185428,-0.18876612727364456,0.0
2.08,0.7235282562009743,-0.19315735269483408,0.0
2.096,0.7235137929860265,-0.197437130512939,0.0
2.112,0.7241850314947319,-0.18576797234231207,0.0
2.128,0.7236042309881643,-0.17524645169223063,0.0
2.144,0.7234376768290521,-0.17923255436860175,0.0
2.16,0.7226858868305895,-0.16639104294245768,0.0
2.176,0.7226977865385046,-0.1702667166856749,0.0
2.192,0.7227020055514684,-0.17408909756898505,0.0
2.208,0.7227030727501573,-0.17787139854962924,0.0
2.224,0.7227000809372773,-0.18162865156053068,0.0
2.24,0.7221456324233844,-0.18520739423151278,0.0
2.2560000000000002,0.722243215624726,-0.177419443344341,0.0
2.2720000000000002,0.7222430362846984,-0.18108327941598515,0.0
2.2880000000000003,0.7222424360865861,-0.18475563947952772,0.0
2.3040000000000003,0.7222395453960682,-0.18844311266764768,0.0
2.3200000000000003,0.7222085780122868,-0.19214465538868708,0.0
2.337,0.720195038671738,-0.19411084760250172,0.0
2.353,0.7282460585722342,-0.18045379853121177,0.0
2.369,0.7263257373093277,-0.1795048100439171,0.0
2.3850000000000002,0.7302595989156673,-0.17142662366966377,0.0
2.402,0.7356677047215954,-0.1607358735728483,0.0
2.419,0.7355921413746065,-0.16480941679370217,0.0
2.435,0.735081648260509,-0.16821825243671246,0.0
2.452,0.7367374308946184,-0.16335426976201023,0.0
2.468,0.7368323948638218,-0.16770541635189518,0.0
2.485,0.7368146574767644,-0.17233655564681488,0.0
2.501,0.7362106568928044,-0.17716396409930343,0.0
2.517,0.7428737184892932,-0.16535310807594794,0.0
2.533,0.7436308350807336,-0.1557173134372588,0.0
2.549,0.7436798454904469,-0.1602586734075439,0.0
2.565,0.7425897220670965,-0.1530122813319629,0.0
2.582,0.7425841087512668,-0.15723049734506828,0.0
2.598,0.742247800687017,-0.16107836125701552,0.0
2.614,0.7426028259328067,-0.1473658499415054,0.0
2.63,0.7426027226609703,-0.15115439142171344,0.0
2.647,0.7426017345575832,-0.15482342988408274,0.0
2.663,0.7425784442307869,-0.15838395170300812,0.0
2.679,0.741090411125403,-0.14679972154336618,0.0
2.6959999999999997,0.7410894922261382,-0.15017292911343585,0.0
2.7129999999999996,0.7410840226427174,-0.1534824164841549,0.0
2.7289999999999996,0.7410856260357623,-0.15661974132909084,0.0
2.7449999999999997,0.7475403699258535,-0.1493043611583733,0.0
2.7609999999999997,0.7457077293748382,-0.1389103540159452,0.0
2.7769999999999997,0.7456696338652706,-0.14212704050191538,0.0
2.7929999999999997,0.7428099344757161,-0.12923057355995204,0.0
2.8089999999999997,0.7428097739116454,-0.13236162703972418,0.0
2.8249999999999997,0.7428084774497689,-0.1354549737982758,0.0
2.8409999999999997,0.7428082423494539,-0.1385096726462962,0.0
2.8569999999999998,0.7428046731023972,-0.14152809712688083,0.0
2.8739999999999997,0.7427843730799657,-0.14447840768931328,0.0
2.8899999999999997,0.7425863087663443,-0.147046415376684,0.0
2.9059999999999997,0.7461975582613779,-0.13603199677383077,0.0
2.9219999999999997,0.7462063722773301,-0.13897404252033202,0.0
2.9379999999999997,0.7462067547069543,-0.14190101040622694,0.0
2.9539999999999997,0.7462067910262332,-0.14481181835370197,0.0
2.9699999999999998,0.7462067418834651,-0.1477095749336249,0.0
2.9859999999999998,0.7462062326199035,-0.15059742186212377,0.0
3.002,0.7461879915549798,-0.1534745007626544,0.0
3.018,0.7461891598631497,-0.14314813671220317,0.0
3.034,0.7461930025678319,-0.14587328658787918,0.0
3.05,0.746012432337232,-0.14870891285164656,0.0
3.066,0.7460413803813031,-0.13413779898230244,0.0
3.082,0.7459051496216941,-0.1370631523994239,0.0
3.098,0.7454547565537922,-0.13980283588789896,0.0
3.114,0.7425176780494532,-0.12331256565993468,0.0
3.13,0.7421478235548645,-0.12571019311712436,0.0
3.146,0.7387463094641517,-0.11092248209399896,0.0
3.162,0.7402465134467647,-0.09598054566476338,0.0
3.179,0.7400826910730992,-0.0975233814703996,0.0
3.195,0.7484932393054338,-0.09340580393310209,0.0
3.211,0.7484899955157686,-0.09614103306666473,0.0
3.227,0.7485064874034125,-0.09903356400937323,0.0
3.243,0.7552951102993153,-0.09931824573174612,0.0
3.259,0.7554807434358695,-0.1038753581177927,0.0
3.275,0.7554309545356829,-0.087377755154622,0.0
3.291,0.7556361049430881,-0.09360740651120109,0.0
3.307,0.7610193970806756,-0.06047497022903458,0.0
3.323,0.7613218819793722,-0.061786441071845326,0.0
3.339,0.7664685088097482,-0.04638540385576931,0.0
3.355,0.7664789113627544,-0.04913470975263332,0.0
3.371,0.7664813966910771,-0.051994990560971927,0.0
3.388,0.7664264896941743,-0.05493100046082592,0.0
3.405,0.7692335139753552,-0.038871861383866245,0.0
3.421,0.7692328812101171,-0.04213392184508554,0.0
3.4379999999999997,0.7692206825181171,-0.045526228185821555,0.0
3.4549999999999996,0.7679560758449536,-0.04835807989905651,0.0
3.4709999999999996,0.7673632928264922,-0.03461151251431947,0.0
3.4869999999999997,0.7673645982397197,-0.0382881490739877,0.0
3.5029999999999997,0.7673393689297663,-0.04189564208348589,0.0
3.5199999999999996,0.7594759253945713,-0.038993821746372004,0.0
3.5359999999999996,0.765283509349607,-0.011022549871264022,0.0
3.5519999999999996,0.7652779034348183,-0.014244846531750852,0.0
3.5679999999999996,0.765137818793613,-0.017569473074220802,0.0
3.5849999999999995,0.7674343158962135,-0.019397733109719612,0.0
3.6009999999999995,0.766481722523723,-0.021779003117260123,0.0
3.6169999999999995,0.7661493514871508,-0.012261775867295483,0.0
3.6329999999999996,0.7661791631727839,-0.015157260671936585,0.0
3.6489999999999996,0.7661023224195436,-0.018016004704725978,0.0
3.6649999999999996,0.7708253112965318,-0.0058002721830013445,0.0
3.6809999999999996,0.7708830979541275,-0.008965399604534036,0.0
3.6969999999999996,0.7709049314534526,-0.01215649759316567,0.0
3.7129999999999996,0.7710407915188935,-0.01499584734486231,0.0
3.7289999999999996,0.7714711480876103,-0.01730223522835203,0.0
3.7449999999999997,0.771416631327203,-0.016723156754394418,0.0
3.7609999999999997,0.7715625440471684,-0.020186549625345586,0.0
3.7769999999999997,0.7704492588691646,-0.023399243806488643,0.0
3.7929999999999997,0.7704783479694957,-0.026600966654225268,0.0
3.8089999999999997,0.770918326322197,-0.027058764303558965,0.0
3.8259999999999996,0.7722861787631606,-0.02062037629344377,0.0
3.8419999999999996,0.7726319146386725,-0.02266211640668033,0.0
3.8589999999999995,0.7727036451269258,-0.02549412437825996,0.0
3.8749999999999996,0.7725261199854854,-0.028431480035322875,0.0
3.8909999999999996,0.7681314751745495,-0.012919451075953525,0.0
3.9069999999999996,0.7680695172892068,-0.015806698682441566,0.0
3.9229999999999996,0.7678858144524434,-0.018455597930755643,0.0
3.9389999999999996,0.7674953859661938,-0.020467243687848052,0.0
3.9549999999999996,0.7672210192777169,-0.022391483342618593,0.0
3.9709999999999996,0.7670552586056382,-0.02481503852844642,0.0
3.9869999999999997,0.7665860640579012,-0.02670393849485734,0.0
4.004,0.7653750156246399,-0.025068541802952548,0.0
4.021,0.7627462297486962,-0.02618749478631564,0.0
4.037,0.7653989492402318,0.0295817750119405,0.0
4.054,0.7658429191425229,0.04041404071815352,0.0
4.07,0.760990041779681,0.037348537614438834,0.0
4.086,0.7603519976641,0.05308556501568864,0.0
4.102,0.7687607556398112,0.06929133382289139,0.0
4.118,0.7687771678638564,0.06539684237169407,0.0
4.135000000000001,0.7687772959668325,0.061274427496120026,0.0
4.151000000000001,0.7929783157820762,0.1405484627975937,1.0
4.167000000000001,0.7907350288360138,0.14894817385518105,1.0
4.183000000000001,0.7907617432172127,0.14346988137469655,1.0
4.199000000000001,0.790586958077259,0.13821367039143018,1.0
4.215000000000001,0.7892044320997608,0.1497708451521184,1.0
4.231000000000001,0.7897989797268764,0.14483256299324135,1.0
4.247000000000001,0.7897591876063217,0.14226398335449772,0.0
4.263000000000001,0.7897571650609416,0.13985741306031446,0.0
4.279000000000001,0.7897785681683264,0.13786378147510356,0.0
4.295000000000001,0.7863823851839137,0.13542843259370102,0.0
4.311000000000001,0.7893140117414011,0.1519824645132136,0.0
4.327000000000001,0.7893128658818547,0.14934335669784699,0.0
4.343000000000001,0.789305925480058,0.14658770420421866,0.0
4.360000000000001,0.7892528627312285,0.14370611184732224,0.0
4.376000000000001,0.7882329021687426,0.14074911780912916,0.0
4.393000000000002,0.795853000375075,0.15312790136057755,0.0
4.409000000000002,0.7959888812128406,0.1493836961222079,0.0
4.425000000000002,0.7959887496376137,0.14466019488007723,0.0
4.442000000000002,0.7959878658559184,0.138783050677299,0.0
4.458000000000002,0.7959793479337469,0.13158754168079298,0.0
4.474000000000002,0.795611504847084,0.12313543068781692,0.0
4.490000000000002,0.7946013259320884,0.13346107093172926,0.0
4.506000000000002,0.7945472523476839,0.12478460566662022,0.0
4.522000000000002,0.793362439196976,0.13490421997863206,0.0
4.538000000000002,0.792856862562662,0.1291375721707444,0.0
4.554000000000002,0.7957765356533175,0.12667909610220984,0.0
4.570000000000002,0.7957896273515421,0.12138355521813196,0.0
4.586000000000002,0.7959558398210822,0.1178015381164532,0.0
4.602000000000002,0.7963991763373763,0.11375733064282632,0.0
4.619000000000002,0.7964066755353015,0.10875887539173892,0.0
4.6350000000000025,0.7955055136517891,0.10798393782248347,0.0
4.652000000000003,0.795768348311737,0.10284976670106147,0.0
4.669000000000003,0.7959496322849255,0.09706067603318937,0.0
4.685000000000003,0.7958900874348448,0.09148304203092295,0.0
4.7020000000000035,0.7952844804949534,0.08817186963021495,0.0
4.7180000000000035,0.8013773812482541,0.08513702866138641,0.0
4.7340000000000035,0.8105672615305393,0.10249480729553272,0.0
4.7500000000000036,0.8106252566678307,0.09699760846973593,0.0
4.767000000000004,0.8107418415490032,0.09171086634301238,0.0
4.783000000000004,0.8109209318992175,0.08657895152018444,0.0
4.799000000000004,0.8110912270693355,0.0814172704079934,0.0
4.815000000000004,0.8111985874478879,0.07607715502158202,0.0
4.832000000000004,0.8112412160839273,0.07062767322642262,0.0
4.848000000000004,0.8107036555928357,0.06571771526850091,0.0
4.865000000000005,0.8083160478470766,0.07382256583795858,0.0
4.881000000000005,0.8083072290152332,0.0680652717830496,0.0
4.897000000000005,0.8072861000182281,0.06186366269499823,0.0
4.913000000000005,0.8038575716304011,0.06780728172835117,0.0
4.929000000000005,0.8038598933116244,0.061871261615100384,0.0
4.945000000000005,0.8038610652313923,0.05584716617262684,0.0
4.960000000000004,0.8038601972258017,0.0496551747166338,0.0
4.976000000000004,0.8038145121048202,0.04335103437706423,0.0
4.992000000000004,0.8085363319467284,0.056729091333513795,0.0
5.0080000000000044,0.8083089467532971,0.08205836210944266,1.0
5.0240000000000045,0.8121701211271607,0.09144809313752184,1.0
5.0400000000000045,0.8121382214342575,0.08546820825231297,1.0
5.0560000000000045,0.8119309570868113,0.0797630357910435,0.0
5.0720000000000045,0.8119219359488666,0.07448000420049831,0.0
5.0880000000000045,0.8141414745009066,0.11235915616195175,1.0
5.1040000000000045,0.8183318416591236,0.12560400840614672,1.0
5.1200000000000045,0.8199317091764997,0.13876821772846465,1.0
5.136000000000005,0.8176306439141628,0.13351757499450265,1.0
5.152000000000005,0.8175861175060328,0.11239877815320626,1.0
5.168000000000005,0.8173934206693078,0.10389864413670587,1.0
5.184000000000005,0.8168534298498595,0.0984537844233403,1.0
5.201000000000005,0.8160493270747504,0.09316912125771742,1.0
5.217000000000005,0.8156563322747956,0.08872883518930262,0.0
5.233000000000005,0.8107405839175055,0.10790463542557471,1.0
5.250000000000005,0.8117300522586758,0.11805204154141732,1.0
5.266000000000005,0.8102705869037697,0.11388218325838002,1.0
5.282000000000005,0.8153862771526578,0.12142992417305973,1.0
5.298000000000005,0.8147042477185679,0.11321527367213843,1.0
5.314000000000005,0.8148779121104339,0.10725457229195279,1.0
5.330000000000005,0.8142734577395196,0.08419793909774946,1.0
5.346000000000005,0.8128029711283234,0.09474086638177333,1.0
5.362000000000005,0.8169061837038807,0.08333156562583718,1.0
5.379000000000006,0.817065484408224,0.07204589126286592,1.0
5.395000000000006,0.8169511475780804,0.061800598778726484,1.0
5.411000000000006,0.8114407959714233,0.054909953910969,1.0
5.427000000000006,0.8153588273101818,0.05948390213444351,1.0
5.443000000000006,0.8091482911310878,0.055040383225075186,1.0
5.459000000000006,0.8141428355317691,0.07006857514496925,1.0
5.475000000000006,0.8230265544281675,0.07173148172782408,1.0
5.491000000000006,0.8236269494607764,0.06198561230012672,1.0
5.507000000000006,0.8216021551273663,0.04274694854704352,1.0
5.523000000000006,0.8203420445808077,0.03998913845281898,1.0
5.539000000000006,0.8190068302422369,0.0633901821078188,1.0
5.555000000000006,0.8304363518030647,0.0562342918530522,1.0
5.571000000000006,0.8302228761005201,0.03670824502063676,1.0
5.587000000000006,0.8316889724499332,0.02134555033534677,1.0
5.603000000000006,0.8341360371160946,0.013233557471117685,1.0
5.619000000000006,0.8351423494711406,-0.0063335964410591436,1.0
5.635000000000006,0.8350088359611866,-0.02597222239910267,1.0
5.651000000000006,0.833469272651242,-0.02519109106996755,1.0
5.667000000000006,0.8299478083953147,-0.011987631293263159,1.0
5.683000000000006,0.8324380004447153,-0.010325847854159829,1.0
5.699000000000006,0.8312615589243035,-0.006637702161377727,1.0
5.715000000000006,0.8297588395528162,-0.001352968791857655,1.0
5.731000000000006,0.8339040732689138,-0.03237291739186989,1.0
5.747000000000006,0.8289409264486491,-0.045061547602395134,1.0
5.763000000000006,0.8296328936452032,-0.05897839156011889,1.0
5.7800000000000065,0.8286861595214581,-0.05309639855118076,1.0
5.797000000000007,0.823763995308957,-0.04805724241048465,1.0
5.814000000000007,0.8271769558662115,-0.05134868560359806,1.0
5.830000000000007,0.8274138195841004,-0.06195628126872657,1.0
5.846000000000007,0.8295098740903182,-0.04507928565413035,1.0
5.862000000000007,0.8344280124833595,-0.0516470019763398,1.0
5.878000000000007,0.832775973882054,-0.055831687412632565,1.0
5.894000000000007,0.8271730128695781,-0.06235902443203074,1.0
5.910000000000007,0.8262751181756557,-0.052942735048405354,1.0
5.926000000000007,0.8345609234941559,-0.059528419807105146,1.0
5.942000000000007,0.834452262488204,-0.08381416693897718,1.0
5.957000000000007,0.8307194645992436,-0.08999902471915538,1.0
5.973000000000007,0.8320118105934385,-0.0861074733672504,1.0
5.989000000000007,0.8371107760913639,-0.08666986769370738,1.0
6.005000000000007,0.8372462291985573,-0.09546341307853924,1.0
6.021000000000007,0.8407168960450467,-0.08886881562692517,1.0
6.037000000000007,0.8416750557455847,-0.0917653137732648,1.0
6.053000000000007,0.8502630107626359,-0.06756367210962487,1.0
6.069000000000007,0.8518410411043628,-0.06179082628099525,1.0
6.085000000000007,0.8540681989165931,-0.06889481688478098,1.0
6.101000000000007,0.8522490021631265,-0.07811056057000751,1.0
6.117000000000007,0.847133436898113,-0.056899374796434365,1.0
6.133000000000007,0.847311137049507,-0.061926826444483225,1.0
6.1500000000000075,0.8449738020085757,-0.06986221929238554,1.0
6.1660000000000075,0.844064497932234,-0.07814581831073684,1.0
6.1820000000000075,0.8441832367298047,-0.09105603519580902,1.0
6.1980000000000075,0.844565461740409,-0.10471353898478815,1.0
6.2140000000000075,0.8431548773163046,-0.1154464155340612,1.0
6.231000000000008,0.8438060105638591,-0.11886557942494638,1.0
6.247000000000008,0.8430928582167059,-0.1169186535549381,1.0
6.264000000000008,0.8443613476660236,-0.11573277430822307,1.0
6.281000000000009,0.8383219820980048,-0.1225650613745109,1.0
6.297000000000009,0.837856705839515,-0.10315268548163466,1.0
6.314000000000009,0.8473138908980689,-0.09406399808957351,1.0
6.330000000000009,0.8474174446544906,-0.08936510697679817,1.0
6.347000000000009,0.8434242281013549,-0.07930482558611476,1.0
6.363000000000009,0.8533331417261075,-0.07751171777516826,1.0
6.38000000000001,0.8491231084670973,-0.06384200297960975,1.0
6.39700000000001,0.8491330435195646,-0.06391082704056907,1.0
6.41300000000001,0.854504689672336,-0.055513001825721366,1.0
6.42900000000001,0.8534314335125427,-0.04665540527299655,1.0
6.44500000000001,0.8568016028453918,-0.05094392061255011,1.0
6.46100000000001,0.8628195261335924,-0.06225670089695793,1.0
6.47700000000001,0.8629240287528974,-0.05552632421741987,1.0
6.49300000000001,0.8610410558004812,-0.06146588867099899,1.0
6.50900000000001,0.8642278268745732,-0.07335845988710119,1.0
6.5260000000000105,0.8673870705243628,-0.08669601235319589,1.0
6.5420000000000105,0.8691977985753304,-0.09559539480720357,1.0
6.5580000000000105,0.8685096650601593,-0.09980588503877227,1.0
6.5740000000000105,0.8686445316804271,-0.09549846400312187,1.0
6.5900000000000105,0.8675182563238734,-0.08184300792189586,1.0
6.6060000000000105,0.8685958199038011,-0.08414957986435115,1.0
6.6220000000000105,0.8707442636019045,-0.08844176548423721,1.0
6.638000000000011,0.8691436406708055,-0.0948405882056913,1.0
6.655000000000011,0.8729804341615405,-0.09065798670294928,1.0
6.671000000000011,0.8762718436093567,-0.09253250968594574,1.0
6.687000000000011,0.876172074636967,-0.05530166330054845,1.0
6.704000000000011,0.8755982392564792,-0.04532627718785253,1.0
6.720000000000011,0.8772671637380414,-0.032548591044552336,1.0
6.736000000000011,0.8773911270661139,-0.033252801496343735,1.0
6.752000000000011,0.8779042100988256,-0.03820458869813551,1.0
6.768000000000011,0.8771164015893274,-0.042664344438640416,1.0
6.784000000000011,0.8749861171945001,-0.018693475331894235,1.0
6.801000000000012,0.8754890746684838,-0.028306827479245338,1.0
6.818000000000012,0.875199570448157,-0.034923596671994045,1.0
6.835000000000012,0.875141245346475,-0.044824192924842465,1.0
6.851000000000012,0.8742215135944906,-0.04646765500010813,1.0
6.867000000000012,0.8612205275375712,-0.046433658065846935,1.0
6.884000000000013,0.8524599845928373,-0.02661121551672975,1.0
6.900000000000013,0.8543034949933471,-0.016742167947510822,1.0
6.917000000000013,0.859087740009944,-0.022173775325307097,1.0
6.933000000000013,0.8624568814966791,-0.0317571380771547,1.0
6.949000000000013,0.8675485490522645,-0.024497828579026947,1.0
6.9660000000000135,0.865654358368849,-0.029687413001785724,1.0
6.9820000000000135,0.8673836623093243,0.012788376427852369,1.0
6.9980000000000135,0.8687902755229419,0.0009228650818691353,1.0
7.014000000000014,0.869223049377273,-0.004252050368599835,1.0
7.030000000000014,0.8702959747449075,0.004244467902793075,1.0
7.046000000000014,0.8758742157256313,0.015395522208477074,1.0
7.062000000000014,0.8775715925540644,0.022678078002959744,1.0
7.078000000000014,0.8824557980034264,0.030454228142727028,1.0
7.095000000000014,0.8847154588122751,0.018050591204130086,1.0
7.111000000000014,0.8851080965989481,0.020724268007241156,1.0
7.127000000000014,0.8857558427568415,0.038678610674822395,1.0
7.143000000000014,0.8833885948434121,0.05148542697583231,1.0
7.159000000000014,0.8831498918907624,0.05590019494636968,1.0
7.175000000000014,0.8779924023154809,0.08441032529871183,1.0
7.191000000000014,0.8758260736467023,0.07838925771885089,1.0
7.208000000000014,0.8744127016179203,0.08367725185057165,1.0
7.224000000000014,0.8756900722952403,0.07916682319785079,1.0
7.240000000000014,0.8727200795326405,0.07473447386523642,1.0
7.256000000000014,0.8737811494748751,0.05981611721525287,1.0
7.2720000000000145,0.8734899376386892,0.06566139034043264,1.0
7.2880000000000145,0.8726107126388396,0.06858506010350059,1.0
7.3040000000000145,0.875576498777079,0.06736668304043376,1.0
7.3200000000000145,0.8738632947578377,0.07695811206235559,1.0
7.3360000000000145,0.8718336860770104,0.09914133288221627,1.0
7.3520000000000145,0.8724497371988951,0.11765905977248535,1.0
7.369000000000015,0.8806447640348423,0.12877951474492136,1.0
7.385000000000015,0.8798898736052299,0.1266892235726025,1.0
7.402000000000015,0.8814520166539813,0.12940752157709096,1.0
7.418000000000015,0.8787113734590146,0.13275368895628328,1.0
7.434000000000015,0.8792663168344373,0.12968740683899965,1.0
7.450000000000015,0.8788021667513901,0.13113150470996449,1.0
7.466000000000015,0.8787479072236893,0.1237976482949872,1.0
7.483000000000016,0.8801598928977276,0.12647431743799037,1.0
7.499000000000016,0.8804158991667803,0.1175481104845744,1.0
7.515000000000016,0.8782605323247701,0.12968549351904515,1.0
7.532000000000016,0.8803875316998911,0.13516081728221932,1.0
7.548000000000016,0.880494215422592,0.12887995471101263,1.0
7.564000000000016,0.8799124542876886,0.11791567874812384,1.0
7.580000000000016,0.8786219733819383,0.10404172023727343,1.0
7.596000000000016,0.8726305291109069,0.09699076712550374,1.0
7.612000000000016,0.8699891759197081,0.11139039088647651,1.0
7.628000000000016,0.8627993615300987,0.1174811617322832,1.0
7.644000000000016,0.8593585791870049,0.1266280556791285,1.0
7.660000000000016,0.8712496903272468,0.1330170437427512,1.0
7.676000000000016,0.8693586218130361,0.1327574989074045,1.0
7.692000000000016,0.8657663784699924,0.12572988933277335,1.0
7.708000000000016,0.8686427592986958,0.13154661812497237,1.0
7.7250000000000165,0.8725664381835977,0.14578092680696347,1.0
7.7410000000000165,0.8702605932721246,0.13648280104417693,1.0
7.7570000000000165,0.872233846851589,0.1354949205977114,1.0
7.773000000000017,0.8729422006506947,0.1426399079886257,1.0
7.789000000000017,0.8701857797228826,0.14023792832597184,1.0
7.805000000000017,0.868072405658914,0.13484544725072742,1.0
7.821000000000017,0.8725100173365938,0.09482035484434313,1.0
7.837000000000017,0.8748568828955122,0.07924688723541985,1.0
7.853000000000017,0.8705705043793879,0.07198833234523766,1.0
7.869000000000017,0.8697811912592371,0.06281062700353056,1.0
7.885000000000017,0.8692081511947438,0.05072639542422411,1.0
7.902000000000017,0.8661323113485878,0.0743788573105538,1.0
7.918000000000017,0.8647283707217587,0.0981192130169812,1.0
7.934000000000017,0.8702644325174493,0.12738710292855032,1.0
7.950000000000017,0.8658966862990306,0.1255183589228051,1.0
7.966000000000017,0.8563188737541725,0.12829276672274362,1.0
7.982000000000017,0.8572482349100979,0.12476940067047451,1.0
7.998000000000017,0.8532676825449781,0.11259746103090854,1.0
8.014000000000017,0.858752205948436,0.11265308713695017,1.0
8.030000000000017,0.8623844211351083,0.10276425754308617,1.0
8.047000000000017,0.8562713127516575,0.09856530234427523,1.0
8.063000000000017,0.8492976063168282,0.0941794348341077,1.0
8.079000000000017,0.85183910745149,0.07594666781138812,1.0
8.095000000000017,0.8393382458425814,0.09769277226995979,1.0
8.111000000000017,0.8592992860090133,0.16755690002541257,1.0
8.127000000000017,0.859108374431402,0.15666290502218963,1.0
8.143000000000017,0.8549757749607234,0.14686561748900118,1.0
8.160000000000016,0.8514902148400467,0.1538602032818307,1.0
8.176000000000016,0.853894129626368,0.1497132591919423,1.0
8.192000000000016,0.8541910136175298,0.1611987138942386,1.0
8.208000000000016,0.8613306525768065,0.1423524942796418,1.0
8.224000000000016,0.8533935941960069,0.1402373828352605,1.0
8.240000000000016,0.8536114257967514,0.16701128896890213,1.0
8.256000000000016,0.8550348905454109,0.17452487633849983,1.0
8.272000000000016,0.879707499878361,0.19891872012844697,1.0
8.288000000000016,0.8790720097053969,0.18485679775478414,1.0
8.304000000000016,0.8785750272434477,0.17387915433931808,1.0
8.320000000000016,0.8769513504137157,0.156651981210978,1.0
8.336000000000016,0.8775237014549324,0.1472373962384675,1.0
8.352000000000016,0.8820991025468962,0.16409034576673767,1.0
8.368000000000016,0.8792569412266236,0.1773857888760804,1.0
8.384000000000016,0.873836493056198,0.1992066023395526,1.0
8.402000000000017,0.8736999975508442,0.16318681147300607,1.0
8.418000000000017,0.8651107336909142,0.15837349843694054,1.0
8.434000000000017,0.8639585435953946,0.11281980223240204,1.0
8.450000000000017,0.8575562253204434,0.13111595192513723,1.0
8.466000000000017,0.8746403443816576,0.13992226373225505,1.0
8.482000000000017,0.8740761751683446,0.12860232193274557,1.0
8.498000000000017,0.8811029816332381,0.13072681851529974,1.0
8.514000000000017,0.8802764453940379,0.09770896979428642,1.0
8.530000000000017,0.8696606290757203,0.08589631482335226,1.0
8.546000000000017,0.8717943032757682,0.0709747035324075,1.0
8.562000000000017,0.8730189312692983,0.12113291114413245,1.0
8.578000000000017,0.8718385219571745,0.10645011000285264,1.0
8.594000000000017,0.8697875194208923,0.07093646502535461,1.0
8.610000000000017,0.8627339920063359,0.054575006638609105,1.0
8.626000000000017,0.865617503848119,0.024913446137793366,1.0
8.642000000000017,0.8668454765208314,-0.00834450372044057,1.0
8.658000000000017,0.8594935124180043,0.007423340891277178,1.0
8.675000000000017,0.8553353348614158,-0.002112815153355725,1.0
8.691000000000017,0.8510658997692762,0.013916373415807298,1.0
8.707000000000017,0.8574605122220124,0.01900662794364339,1.0
8.723000000000017,0.8579841231903524,0.053567499254983,1.0
8.739000000000017,0.8614460743366869,0.05319658084940229,1.0
8.755000000000017,0.8553647618757892,0.0716926647716116,1.0
8.771000000000017,0.8415822277463704,0.07817834552508096,1.0
8.787000000000017,0.8435733548191492,0.07601766241862287,1.0
8.803000000000017,0.8545453487079795,0.06175799935753307,1.0
8.819000000000017,0.8464069366342261,0.07182268270122746,1.0
8.835000000000017,0.8471928599847885,0.07349612797320627,1.0
8.851000000000017,0.8550899087805046,0.066488914527147,1.0
8.867000000000017,0.8625851858049273,0.050983061283725206,1.0
8.883000000000017,0.8546195891601716,0.0734099506642769,1.0
8.899000000000017,0.858572249418301,0.06873368158408756,1.0
8.915000000000017,0.8484770065749828,0.051326543567244275,1.0
8.931000000000017,0.8499623233534415,0.06547391580933763,1.0
8.947000000000017,0.8650847207861379,0.08495482817672817,1.0
8.963000000000017,0.8681188308108811,0.049445184603409846,1.0
8.979000000000017,0.8658720524321266,-0.005396133684554606,1.0
8.996000000000016,0.8681671082261988,0.0005392000633367211,1.0
9.012000000000016,0.8593060224376664,0.04325651972689787,1.0
9.028000000000016,0.8634003785826982,0.02914090215897752,1.0
9.044000000000016,0.8617596462597479,0.012922308472184929,1.0
9.060000000000016,0.8500698773654513,0.03405914188839878,1.0
9.077000000000016,0.8530354349860283,0.03372674600975845,1.0
9.093000000000016,0.8544001628987333,0.04362286064371061,1.0
9.109000000000016,0.8509201147695976,0.031797542319031764,1.0
9.125000000000016,0.8438079360331576,0.033264401401469225,1.0
9.142000000000015,0.8506796600090148,0.007251376025598748,1.0
9.158000000000015,0.8486773420478481,-0.02888510436514515,1.0
9.174000000000015,0.8412014259624734,-0.008625529463636667,1.0
9.190000000000015,0.8335812277933322,-0.026433898169167504,1.0
9.206000000000016,0.8189389273735319,-0.01946647962178987,1.0
9.223000000000015,0.8206478921129918,-0.018428588214413563,1.0
9.239000000000015,0.8183388235989804,-0.015952941704251798,1.0
9.255000000000015,0.8152658010453614,0.005496703772390323,1.0
9.271000000000015,0.8342968943678453,0.01180313002796304,1.0
9.287000000000015,0.8444977752886488,0.004378641354204052,1.0
9.303000000000015,0.8417053053457311,-0.03288571314500262,1.0
9.319000000000015,0.8299912619985629,-0.025851867358492996,1.0
9.335000000000015,0.8271483328262357,-0.008359734566827369,1.0
9.351000000000015,0.8237056294244779,0.013061815429374138,1.0
9.367000000000015,0.834880037801027,0.027577059037714916,1.0
9.383000000000015,0.8285419561042404,0.038697220140602964,1.0
9.401000000000016,0.8339518662981897,0.059119060120845376,1.0
9.418000000000015,0.8375135762709943,0.0892921967815618,1.0
9.434000000000015,0.8362568125210346,0.14463846658951163,1.0
9.450000000000015,0.8349986320439684,0.16230766832383473,1.0
9.466000000000015,0.8499835044133826,0.1565932377877198,1.0
9.482000000000015,0.8527787410897331,0.1832736208962417,1.0
9.498000000000015,0.8584689730563041,0.16383470839869552,1.0
9.514000000000015,0.8664524668698341,0.14143453621780655,1.0
9.530000000000015,0.8718979182799012,0.12768139183017582,1.0
9.546000000000015,0.8616068340526752,0.10861503539903986,1.0
9.562000000000015,0.8623192561379578,0.10956645519496742,1.0
9.578000000000015,0.8749335858693905,0.09668489933535984,1.0
9.594000000000015,0.8604935087334874,0.09080939972532674,1.0
9.610000000000015,0.8629393641942018,0.11742296079011931,1.0
9.626000000000015,0.8770112772719011,0.11947626523667125,1.0
9.642000000000015,0.8893365250402271,0.11919319261705916,1.0
9.658000000000015,0.8878805021893262,0.102700509782026,1.0
9.674000000000015,0.8871763629877606,0.0912366420381379,1.0
9.690000000000015,0.8797098882790155,0.08729118815610887,1.0
9.706000000000016,0.8854710724222445,0.12048108712243549,1.0
9.723000000000015,0.8821162090613275,0.09790090113611964,1.0
9.739000000000015,0.8868917488430805,0.07188446011559717,1.0
9.755000000000015,0.8819983070049968,0.05185518158359084,1.0
9.771000000000015,0.8870241922179566,0.06780443654771567,1.0
9.787000000000015,0.8853280549376206,0.05905075621695742,1.0
9.804000000000014,0.8802799641800754,0.03790464356845578,1.0
9.820000000000014,0.8766807257139285,0.01600612111300206,1.0
9.836000000000015,0.8739174536792468,0.024624299124530208,1.0
9.852000000000015,0.8700267993723768,0.05015775082238196,1.0
9.868000000000015,0.8628808501198475,0.06680436434615988,1.0
9.884000000000015,0.8597115957942206,0.09557363764355972,1.0
9.900000000000015,0.855295376550878,0.10502223433455718,1.0
9.916000000000015,0.8560645262924136,0.09505259166798284,1.0
9.932000000000015,0.8576841738013036,0.08098900809822357,1.0
9.948000000000015,0.8488120728813005,0.0673255312081841,1.0
9.964000000000015,0.8437688694048485,0.06160377230241426,1.0
9.980000000000015,0.8482309477610479,0.041206371555306084,1.0
9.996000000000015,0.8548888450620725,0.02757336795263311,1.0
10.012000000000015,0.8596969329104238,0.03904981746077832,1.0
10.028000000000015,0.8505475303007023,0.017020193957104027,1.0
10.044000000000015,0.8452730657644124,0.003754717761669676,1.0
10.060000000000015,0.8347952961769121,0.007684061986210264,1.0
10.076000000000015,0.8344814898307323,0.026692529734662313,1.0
10.092000000000015,0.8370438211025248,0.06002282862078988,1.0
10.108000000000015,0.8296917633366231,0.07786338635956008,1.0
10.124000000000015,0.8285634855400439,0.08056183598874686,1.0
10.140000000000015,0.8358439580688569,0.08771799547017926,1.0
10.156000000000015,0.8359525414696589,0.08160881281755579,1.0
10.172000000000015,0.8390401839951618,0.07746444168063654,1.0
10.189000000000014,0.8376530554223944,0.08197238332719983,1.0
10.205000000000014,0.8422778270604218,0.11781270573132836,1.0
10.221000000000014,0.8446342125476815,0.10769784580161955,1.0
10.237000000000014,0.8651615369416711,0.05369790079400729,1.0
10.253000000000014,0.86329648045518,0.03214095274885148,1.0
10.269000000000014,0.8541070342787321,0.036650768178955094,1.0
10.285000000000014,0.8549424335936904,0.0249255236527919,1.0
10.301000000000014,0.8560507984678875,0.011229148910090898,1.0
10.317000000000014,0.8546913962942482,0.004212797428094009,1.0
10.333000000000014,0.8526760256442165,0.01993653970217444,1.0
10.349000000000014,0.8570199714913681,0.04023933142954879,1.0
10.365000000000014,0.8536196164478171,0.03925505734670188,1.0
10.381000000000014,0.8487159098903232,0.03525512497435792,1.0
10.398000000000014,0.8520813193376253,0.03818263105091298,1.0
10.414000000000014,0.8476244835255403,0.0663989601726857,1.0
10.430000000000014,0.8476167381898136,0.0542011061121702,1.0
10.446000000000014,0.8417639624772553,0.04653508712848718,1.0
10.462000000000014,0.8361419908362056,0.052435613445795545,1.0
10.478000000000014,0.849790333721169,0.06792937413550257,1.0
10.494000000000014,0.853881866723049,0.07419863054598555,1.0
10.510000000000014,0.8552359549075915,0.06020674273699986,1.0
10.526000000000014,0.8491228604851334,0.06406309575717656,1.0
10.543000000000013,0.8519576359079033,0.05698279888403486,1.0
10.559000000000013,0.8505464284925162,0.05112082725742172,1.0
10.575000000000014,0.8445437285513824,0.03769052455641792,1.0
10.591000000000014,0.8423981022058706,0.013851579611300086,1.0
10.607000000000014,0.8450517722647468,0.004025125804950052,1.0
10.623000000000014,0.8450679382952078,0.0017574789888590312,1.0
10.639000000000014,0.8491210189262752,-0.01630755664848038,1.0
10.656000000000013,0.8462992546019233,-0.02851956348372494,1.0
10.672000000000013,0.8507348267431787,-0.04520353154102638,1.0
10.689000000000012,0.8494371704627803,-0.060650802817479865,1.0
10.705000000000013,0.8442400237616675,-0.060865961471013946,1.0
10.721000000000013,0.8590298076259516,-0.05025239004415792,1.0
10.737000000000013,0.8535005652116235,-0.05912689439541218,1.0
10.753000000000013,0.8676186365749038,-0.041265502510354164,1.0
10.770000000000012,0.86234849797607,-0.07630503901840219,1.0
10.787000000000011,0.86825602353054,-0.10744079114745571,1.0
10.803000000000011,0.8713075945819664,-0.08621673604625729,1.0
10.820000000000011,0.8707675063301835,-0.07926198397773493,1.0
10.836000000000011,0.8612160376262757,-0.0710947396146896,1.0
10.852000000000011,0.8533065210741846,-0.05016528282122245,1.0
10.868000000000011,0.8591340120865996,-0.04387265111312802,1.0
10.884000000000011,0.8621560660751131,-0.04126175318254814,1.0
10.90100000000001,0.867240073596193,-0.06788806144919138,1.0
10.91700000000001,0.8650426328925114,-0.08747238365635006,1.0
10.93300000000001,0.8682354862572016,-0.05281835315784807,1.0
10.94900000000001,0.8677390903544077,-0.07545907888346445,1.0
10.96500000000001,0.8652900019260261,-0.07619607556533409,1.0
10.98100000000001,0.861296259090405,-0.08216722763259166,1.0
10.99700000000001,0.8566812934292241,-0.0881356707291279,1.0
11.01300000000001,0.8608395875256863,-0.08484313848275819,1.0
11.02900000000001,0.8614748380066877,-0.06298557338413917,1.0
11.04500000000001,0.8590605136229307,-0.08057494207944461,1.0
11.06100000000001,0.8521702587598762,-0.10394163335549295,1.0
11.07700000000001,0.8527061940975245,-0.10049711176230067,1.0
11.09300000000001,0.8511738144336153,-0.09405924108688021,1.0
11.10900000000001,0.8491920321247414,-0.09519975951117826,1.0
